id,customer_id,status,created_at
1,18,completed,2026-01-04
2,35,completed,2026-01-07
3,52,pending,2026-01-10
4,69,cancelled,2026-01-13
5,86,refunded,2026-01-16
6,103,completed,2026-01-19
7,10,completed,2026-01-22
8,27,completed,2026-01-25
9,44,pending,2026-01-28
10,61,cancelled,2026-01-31
11,78,refunded,2026-02-03
12,95,completed,2026-02-06
13,2,completed,2026-02-09
14,19,completed,2026-02-12
15,36,pending,2026-02-15
16,53,cancelled,2026-02-18
17,70,refunded,2026-02-21
18,87,completed,2026-02-24
19,104,completed,2026-02-27
20,11,completed,2026-03-02
21,28,pending,2026-03-05
22,45,cancelled,2026-03-08
23,62,refunded,2026-03-11
24,79,completed,2026-03-14
25,96,completed,2026-03-17
26,3,completed,2026-03-20
27,20,pending,2026-03-23
28,37,cancelled,2026-03-26
29,54,refunded,2026-03-29
30,71,completed,2026-04-01
31,1,cancelled,2026-02-03
32,105,completed,2026-04-07
33,12,pending,2026-04-10
34,29,cancelled,2026-04-13
35,46,refunded,2026-04-16
36,63,completed,2026-04-19
37,80,completed,2026-04-22
38,97,completed,2026-04-25
39,4,pending,2026-04-28
40,21,cancelled,2026-05-01
41,38,refunded,2026-05-04
42,55,completed,2026-05-07
43,72,completed,2026-05-10
44,89,completed,2026-05-13
45,106,pending,2026-05-16
46,13,cancelled,2026-05-19
47,30,refunded,2026-05-22
48,47,completed,2026-05-25
49,64,completed,2026-05-28
50,81,completed,2026-05-31
51,98,pending,2026-06-03
52,5,cancelled,2026-06-06
53,22,refunded,2026-06-09
54,39,completed,2026-06-12
55,56,completed,2026-06-15
56,73,completed,2026-06-18
57,90,pending,2026-06-21
58,107,cancelled,2026-06-24
59,14,refunded,2026-06-27
60,31,completed,2026-06-30
61,48,completed,2026-01-03
62,65,completed,2026-01-06
63,82,pending,2026-01-09
64,99,cancelled,2026-01-12
65,6,refunded,2026-01-15
66,23,completed,2026-01-18
67,40,completed,2026-01-21
68,57,completed,2026-01-24
69,74,pending,2026-01-27
70,91,cancelled,2026-01-30
71,108,refunded,2026-02-02
72,15,completed,2026-02-05
73,1,cancelled,2026-05-16
74,49,completed,2026-02-11
75,66,pending,2026-02-14
76,83,cancelled,2026-02-17
77,100,refunded,2026-02-20
78,7,completed,2026-02-23
79,24,completed,2026-02-26
80,41,completed,2026-03-01
81,58,pending,2026-03-04
82,75,cancelled,2026-03-07
83,92,refunded,2026-03-10
84,109,completed,2026-03-13
85,16,completed,2026-03-16
86,33,completed,2026-03-19
87,50,pending,2026-03-22
88,67,cancelled,2026-03-25
89,84,refunded,2026-03-28
90,101,completed,2026-03-31
91,8,completed,2026-04-03
92,25,completed,2026-04-06
93,42,pending,2026-04-09
94,59,cancelled,2026-04-12
95,76,refunded,2026-04-15
96,93,completed,2026-04-18
97,110,completed,2026-04-21
98,17,completed,2026-04-24
99,34,pending,2026-04-27
100,51,cancelled,2026-04-30
101,68,refunded,2026-05-03
102,85,completed,2026-05-06
103,102,completed,2026-05-09
104,9,completed,2026-05-12
105,26,pending,2026-05-15
106,43,cancelled,2026-05-18
107,60,refunded,2026-05-21
108,77,completed,2026-05-24
109,94,completed,2026-05-27
110,1,completed,2026-05-30
111,18,pending,2026-06-02
112,35,cancelled,2026-06-05
113,52,refunded,2026-06-08
114,69,completed,2026-06-11
115,86,completed,2026-06-14
116,103,completed,2026-06-17
117,10,pending,2026-06-20
118,27,cancelled,2026-06-23
119,44,refunded,2026-06-26
120,61,completed,2026-06-29
121,78,completed,2026-01-02
122,95,completed,2026-01-05
123,2,pending,2026-01-08
124,19,cancelled,2026-01-11
125,36,refunded,2026-01-14
126,53,completed,2026-01-17
127,70,completed,2026-01-20
128,87,completed,2026-01-23
129,104,pending,2026-01-26
130,11,cancelled,2026-01-29
131,28,refunded,2026-02-01
132,45,completed,2026-02-04
133,62,completed,2026-02-07
134,79,completed,2026-02-10
135,96,pending,2026-02-13
136,3,cancelled,2026-02-16
137,20,refunded,2026-02-19
138,37,completed,2026-02-22
139,54,completed,2026-02-25
140,71,completed,2026-02-28
141,88,pending,2026-03-03
142,105,cancelled,2026-03-06
143,12,refunded,2026-03-09
144,29,completed,2026-03-12
145,46,completed,2026-03-15
146,63,completed,2026-03-18
147,80,pending,2026-03-21
148,97,cancelled,2026-03-24
149,4,refunded,2026-03-27
150,21,completed,2026-03-30
151,38,completed,2026-04-02
152,55,completed,2026-04-05
153,72,pending,2026-04-08
154,89,cancelled,2026-04-11
155,106,refunded,2026-04-14
156,13,completed,2026-04-17
157,30,completed,2026-04-20
158,47,completed,2026-04-23
159,64,pending,2026-04-26
160,81,cancelled,2026-04-29
161,98,refunded,2026-05-02
162,5,completed,2026-05-05
163,22,completed,2026-05-08
164,39,completed,2026-05-11
165,56,pending,2026-05-14
166,73,cancelled,2026-05-17
167,90,refunded,2026-05-20
168,107,completed,2026-05-23
169,14,completed,2026-05-26
170,31,completed,2026-05-29
171,48,pending,2026-06-01
172,65,cancelled,2026-06-04
173,82,refunded,2026-06-07
174,99,completed,2026-06-10
175,6,completed,2026-06-13
176,23,completed,2026-06-16
177,40,pending,2026-06-19
178,57,cancelled,2026-06-22
179,74,refunded,2026-06-25
180,91,completed,2026-06-28
181,108,completed,2026-01-01
182,15,completed,2026-01-04
183,32,pending,2026-01-07
184,49,cancelled,2026-01-10
185,66,refunded,2026-01-13
186,83,completed,2026-01-16
187,100,completed,2026-01-19
188,7,completed,2026-01-22
189,24,pending,2026-01-25
190,41,cancelled,2026-01-28
191,58,refunded,2026-01-31
192,75,completed,2026-02-03
193,92,completed,2026-02-06
194,109,completed,2026-02-09
195,16,pending,2026-02-12
196,33,cancelled,2026-02-15
197,50,refunded,2026-02-18
198,67,completed,2026-02-21
199,84,completed,2026-02-24
200,101,completed,2026-02-27
201,8,pending,2026-03-02
202,25,cancelled,2026-03-05
203,42,refunded,2026-03-08
204,59,completed,2026-03-11
205,76,completed,2026-03-14
206,93,completed,2026-03-17
207,110,pending,2026-03-20
208,17,cancelled,2026-03-23
209,34,refunded,2026-03-26
210,51,completed,2026-03-29
211,68,completed,2026-04-01
212,85,completed,2026-04-04
213,102,pending,2026-04-07
214,9,cancelled,2026-04-10
215,26,refunded,2026-04-13
216,43,completed,2026-04-16
217,60,completed,2026-04-19
218,77,completed,2026-04-22
219,94,pending,2026-04-25
220,1,cancelled,2026-04-28
221,18,refunded,2026-05-01
222,35,completed,2026-05-04
223,52,completed,2026-05-07
224,69,completed,2026-05-10
225,86,pending,2026-05-13
226,103,cancelled,2026-05-16
227,10,refunded,2026-05-19
228,27,completed,2026-05-22
229,44,completed,2026-05-25
230,61,completed,2026-05-28
231,78,pending,2026-05-31
232,95,cancelled,2026-06-03
233,2,refunded,2026-06-06
234,19,completed,2026-06-09
235,36,completed,2026-06-12
236,53,completed,2026-06-15
237,70,pending,2026-06-18
238,87,cancelled,2026-06-21
239,104,refunded,2026-06-24
240,11,completed,2026-06-27
241,28,completed,2026-06-30
242,45,completed,2026-01-03
243,62,pending,2026-01-06
244,79,cancelled,2026-01-09
245,96,refunded,2026-01-12
246,3,completed,2026-01-15
247,20,completed,2026-01-18
248,37,completed,2026-01-21
249,54,pending,2026-01-24
250,71,cancelled,2026-01-27
251,88,refunded,2026-01-30
252,105,completed,2026-02-02
253,12,completed,2026-02-05
254,29,completed,2026-02-08
255,46,pending,2026-02-11
256,63,cancelled,2026-02-14
257,80,refunded,2026-02-17
258,97,completed,2026-02-20
259,4,completed,2026-02-23
260,21,completed,2026-02-26
261,38,pending,2026-03-01
262,55,cancelled,2026-03-04
263,72,refunded,2026-03-07
264,89,completed,2026-03-10
265,106,completed,2026-03-13
266,13,completed,2026-03-16
267,30,pending,2026-03-19
268,47,cancelled,2026-03-22
269,64,refunded,2026-03-25
270,81,completed,2026-03-28
271,98,completed,2026-03-31
272,5,completed,2026-04-03
273,22,pending,2026-04-06
274,39,cancelled,2026-04-09
275,56,refunded,2026-04-12
276,73,completed,2026-04-15
277,90,completed,2026-04-18
278,107,completed,2026-04-21
279,14,pending,2026-04-24
280,31,cancelled,2026-04-27
281,48,refunded,2026-04-30
282,65,completed,2026-05-03
283,82,completed,2026-05-06
284,99,completed,2026-05-09
285,6,pending,2026-05-12
286,23,cancelled,2026-05-15
287,40,refunded,2026-05-18
288,57,completed,2026-05-21
289,74,completed,2026-05-24
290,91,completed,2026-05-27
291,108,pending,2026-05-30
292,15,cancelled,2026-06-02
293,32,refunded,2026-06-05
294,49,completed,2026-06-08
295,66,completed,2026-06-11
296,83,completed,2026-06-14
297,100,pending,2026-06-17
298,7,cancelled,2026-06-20
299,24,refunded,2026-06-23
300,41,completed,2026-06-26
301,58,completed,2026-06-29
302,75,completed,2026-01-02
303,92,pending,2026-01-05
304,109,cancelled,2026-01-08
305,16,refunded,2026-01-11
306,33,completed,2026-01-14
307,50,completed,2026-01-17
308,67,completed,2026-01-20
309,84,pending,2026-01-23
310,101,cancelled,2026-01-26
311,8,refunded,2026-01-29
312,25,completed,2026-02-01
313,42,completed,2026-02-04
314,59,completed,2026-02-07
315,76,pending,2026-02-10
316,93,cancelled,2026-02-13
317,110,refunded,2026-02-16
318,17,completed,2026-02-19
319,34,completed,2026-02-22
320,51,completed,2026-02-25
321,68,pending,2026-02-28
322,85,cancelled,2026-03-03
323,102,refunded,2026-03-06
324,9,completed,2026-03-09
325,26,completed,2026-03-12
326,43,completed,2026-03-15
327,60,pending,2026-03-18
328,77,cancelled,2026-03-21
329,94,refunded,2026-03-24
330,1,completed,2026-03-27
331,18,completed,2026-03-30
332,35,completed,2026-04-02
333,52,pending,2026-04-05
334,69,cancelled,2026-04-08
335,86,refunded,2026-04-11
336,103,completed,2026-04-14
337,10,completed,2026-04-17
338,27,completed,2026-04-20
339,44,pending,2026-04-23
340,61,cancelled,2026-04-26
341,78,refunded,2026-04-29
342,95,completed,2026-05-02
343,2,completed,2026-05-05
344,19,completed,2026-05-08
345,36,pending,2026-05-11
346,53,cancelled,2026-05-14
347,70,refunded,2026-05-17
348,87,completed,2026-05-20
349,104,completed,2026-05-23
350,11,completed,2026-05-26
351,28,pending,2026-05-29
352,45,cancelled,2026-06-01
353,62,refunded,2026-06-04
354,79,completed,2026-06-07
355,96,completed,2026-06-10
356,3,completed,2026-06-13
357,20,pending,2026-06-16
358,37,cancelled,2026-06-19
359,54,refunded,2026-06-22
360,71,completed,2026-06-25
361,88,completed,2026-06-28
362,105,completed,2026-01-01
363,12,pending,2026-01-04
364,29,cancelled,2026-01-07
365,46,refunded,2026-01-10
366,63,completed,2026-01-13
367,80,completed,2026-01-16
368,97,completed,2026-01-19
369,4,pending,2026-01-22
370,21,cancelled,2026-01-25
371,38,refunded,2026-01-28
372,55,completed,2026-01-31
373,72,completed,2026-02-03
374,89,completed,2026-02-06
375,106,pending,2026-02-09
376,13,cancelled,2026-02-12
377,30,refunded,2026-02-15
378,47,completed,2026-02-18
379,64,completed,2026-02-21
380,81,completed,2026-02-24
381,98,pending,2026-02-27
382,5,cancelled,2026-03-02
383,22,refunded,2026-03-05
384,39,completed,2026-03-08
385,56,completed,2026-03-11
386,73,completed,2026-03-14
387,90,pending,2026-03-17
388,107,cancelled,2026-03-20
389,14,refunded,2026-03-23
390,31,completed,2026-03-26
391,48,completed,2026-03-29
392,65,completed,2026-04-01
393,82,pending,2026-04-04
394,99,cancelled,2026-04-07
395,6,refunded,2026-04-10
396,23,completed,2026-04-13
397,40,completed,2026-04-16
398,57,completed,2026-04-19
399,74,pending,2026-04-22
400,91,cancelled,2026-04-25
401,108,refunded,2026-04-28
402,15,completed,2026-05-01
403,32,completed,2026-05-04
404,49,completed,2026-05-07
405,66,pending,2026-05-10
406,83,cancelled,2026-05-13
407,100,refunded,2026-05-16
408,7,completed,2026-05-19
409,24,completed,2026-05-22
410,41,completed,2026-05-25
411,58,pending,2026-05-28
412,75,cancelled,2026-05-31
413,92,refunded,2026-06-03
414,109,completed,2026-06-06
415,16,completed,2026-06-09
416,33,completed,2026-06-12
417,50,pending,2026-06-15
418,67,cancelled,2026-06-18
419,84,refunded,2026-06-21
420,101,completed,2026-06-24
421,8,completed,2026-06-27
422,25,completed,2026-06-30
423,42,pending,2026-01-03
424,59,cancelled,2026-01-06
425,76,refunded,2026-01-09
426,93,completed,2026-01-12
427,110,completed,2026-01-15
428,17,completed,2026-01-18
429,34,pending,2026-01-21
430,51,cancelled,2026-01-24
431,68,refunded,2026-01-27
432,85,completed,2026-01-30
433,102,completed,2026-02-02
434,9,completed,2026-02-05
435,26,pending,2026-02-08
436,43,cancelled,2026-02-11
437,60,refunded,2026-02-14
438,77,completed,2026-02-17
439,94,completed,2026-02-20
440,1,completed,2026-02-23
441,18,pending,2026-02-26
442,35,cancelled,2026-03-01
443,52,refunded,2026-03-04
444,69,completed,2026-03-07
445,86,completed,2026-03-10
446,103,completed,2026-03-13
447,10,pending,2026-03-16
448,27,cancelled,2026-03-19
449,44,refunded,2026-03-22
450,61,completed,2026-03-25
451,78,completed,2026-03-28
452,95,completed,2026-03-31
453,2,pending,2026-04-03
454,19,cancelled,2026-04-06
455,36,refunded,2026-04-09
456,53,completed,2026-04-12
457,70,completed,2026-04-15
458,87,completed,2026-04-18
459,104,pending,2026-04-21
460,11,cancelled,2026-04-24
461,28,refunded,2026-04-27
462,45,completed,2026-04-30
463,62,completed,2026-05-03
464,79,completed,2026-05-06
465,96,pending,2026-05-09
466,3,cancelled,2026-05-12
467,20,refunded,2026-05-15
468,37,completed,2026-05-18
469,54,completed,2026-05-21
470,71,completed,2026-05-24
471,88,pending,2026-05-27
472,105,cancelled,2026-05-30
473,12,refunded,2026-06-02
474,29,completed,2026-06-05
475,46,completed,2026-06-08
476,63,completed,2026-06-11
477,80,pending,2026-06-14
478,97,cancelled,2026-06-17
479,4,refunded,2026-06-20
480,21,completed,2026-06-23
481,38,completed,2026-06-26
482,55,completed,2026-06-29
483,72,pending,2026-01-02
484,89,cancelled,2026-01-05
485,106,refunded,2026-01-08
486,13,completed,2026-01-11
487,30,completed,2026-01-14
488,47,completed,2026-01-17
489,64,pending,2026-01-20
490,81,cancelled,2026-01-23
491,98,refunded,2026-01-26
492,5,completed,2026-01-29
493,22,completed,2026-02-01
494,39,completed,2026-02-04
495,56,pending,2026-02-07
496,73,cancelled,2026-02-10
497,90,refunded,2026-02-13
498,107,completed,2026-02-16
499,14,completed,2026-02-19
500,31,completed,2026-02-22
